{
  "config": {
    "num_samples": 1,
    "llm": "openrouter",
    "timestamp": "2026-01-18T12:34:04.432823"
  },
  "summary": {
    "avg_speedup": 1.9364095073394005,
    "avg_token_reduction": 0.4105145413870246,
    "avg_jaccard_diff": -1.0,
    "avg_score_correlation": NaN,
    "avg_original_jaccard": 1.0,
    "avg_batched_jaccard": 0.0,
    "avg_original_time": 20.747300386428833,
    "avg_batched_time": 10.714314460754395
  },
  "results": [
    {
      "index": 0,
      "question": "Who is the spouse of the Green performer?",
      "ground_truth_sources": [
        0,
        1
      ],
      "original": {
        "time": 20.747300386428833,
        "input_tokens": 6891,
        "output_tokens": 1155,
        "jaccard": 1.0,
        "scores": [
          0.5,
          0.5,
          0.0,
          0.0,
          0.0,
          0.0
        ]
      },
      "batched": {
        "time": 10.714314460754395,
        "input_tokens": 4239,
        "output_tokens": 504,
        "jaccard": 0.0,
        "scores": [
          0.0,
          0.0,
          0.0,
          0.0,
          0.0,
          0.0
        ]
      },
      "improvements": {
        "speedup": 1.9364095073394005,
        "token_reduction": 0.4105145413870246,
        "jaccard_diff": -1.0,
        "score_correlation": NaN
      }
    }
  ]
}